0.60884,0,0
1.347999,0,0
2.087158,0,0
2.826317,0,0
3.565476,0,0
4.304635,0,0
5.043794,0,0
5.782953,0,0
6.522112,0,0
7.261271,0,0
8.00043,0,0
8.739589,0,0
9.478748,0,0
10.217907,0,0
10.957066,0,0
11.696225,0,0
12.435384,0,0
13.174543,0,0
13.913702,0,0
14.652861,0,0
15.39202,0,0
16.131179,0,0
16.870338,0,0
17.609497,0,0
18.348656,0,0
19.087815,0,0
19.826974,0,0
20.566133,0,0
21.305292,0,0
22.044451,0,0
22.78361,0,0
23.522769,0,0
24.261928,0,0
25.001087,0,0
25.740246,0,0
26.479405,0,0
27.218564,0,0
27.957723,0,0
28.696882,0,0
29.436041,0,0
30.1752,0,0
0.540147,0,0.066822
1.282839,0.096086,0.066822
2.023949,0.204356,0.066822
2.764623,0.315561,0.066822
3.504075,0.434593,0.066822
4.240938,0.568643,0.066822
4.973545,0.724227,0.066822
5.701168,0.901717,0.066822
6.426656,1.087822,0.066822
7.154721,1.263501,0.066822
7.887157,1.419925,0.066822
8.623702,1.555681,0.066822
9.364117,1.668375,0.066822
10.10813,1.754071,0.066822
10.854812,1.812181,0.066822
11.60293,1.847633,0.066822
12.351622,1.868065,0.066822
13.100514,1.879187,0.066822
13.849474,1.884,0.066822
14.598451,1.883722,0.066822
15.34741,1.878656,0.066822
16.096313,1.868215,0.066822
16.845102,1.851527,0.066822
17.593685,1.827336,0.066822
18.341908,1.793865,0.066822
19.089527,1.748925,0.066822
19.836128,1.689494,0.066822
20.58105,1.611868,0.066822
21.323351,1.512329,0.066822
22.061871,1.387832,0.066822
22.79581,1.238646,0.066822
23.52598,1.071892,0.066822
24.25542,0.901943,0.066822
24.987348,0.743113,0.066822
25.722916,0.602125,0.066822
26.461524,0.478004,0.066822
27.202121,0.366313,0.066822
27.943897,0.262712,0.066822
28.686492,0.165161,0.066822
29.43021,0.076619,0.066822
30.175253,0,0.066822
0.518725,0,0.133643
1.259104,0.123502,0.133643
1.995272,0.271156,0.133643
2.730468,0.423583,0.133643
3.464349,0.582209,0.133643
4.195974,0.750922,0.133643
4.925396,0.928936,0.133643
5.654753,1.107218,0.133643
6.386324,1.276162,0.133643
7.12038,1.433965,0.133643
7.856737,1.580645,0.133643
8.595944,1.712144,0.133643
9.338898,1.820338,0.133643
10.085442,1.900029,0.133643
10.83438,1.952871,0.133643
11.584483,1.985658,0.133643
12.335006,2.007079,0.133643
13.085678,2.022584,0.133643
13.836425,2.033843,0.133643
14.587227,2.040443,0.133643
15.338056,2.041566,0.133643
16.088867,2.036189,0.133643
16.839582,2.023137,0.133643
17.590082,2.000977,0.133643
18.340179,1.967917,0.133643
19.089589,1.921908,0.133643
19.837908,1.860702,0.133643
20.584591,1.782056,0.133643
21.328982,1.684094,0.133643
22.070377,1.565575,0.133643
22.80823,1.42669,0.133643
23.542499,1.269921,0.133643
24.273977,1.100565,0.133643
25.004573,0.927418,0.133643
25.736645,0.760656,0.133643
26.471367,0.605999,0.133643
27.208533,0.463436,0.133643
27.947541,0.33073,0.133643
28.688095,0.206953,0.133643
29.430531,0.095056,0.133643
30.175302,0,0.133643
0.507351,0,0.200465
1.24551,0.142015,0.200465
1.97783,0.312811,0.200465
2.708997,0.4885,0.200465
3.439589,0.666567,0.200465
4.169644,0.846822,0.200465
4.899936,1.026112,0.200465
5.631323,1.20088,0.200465
6.3635,1.372311,0.200465
7.096896,1.538424,0.200465
7.833711,1.688549,0.200465
8.575035,1.814442,0.200465
9.320554,1.912449,0.200465
10.069198,1.982776,0.200465
10.819727,2.029052,0.200465
11.57115,2.057672,0.200465
12.322903,2.075985,0.200465
13.074771,2.088892,0.200465
13.826688,2.098487,0.200465
14.578638,2.104999,0.200465
15.330611,2.107783,0.200465
16.082584,2.105377,0.200465
16.834503,2.096141,0.200465
17.586261,2.078099,0.200465
18.337658,2.048763,0.200465
19.088382,2.00555,0.200465
19.837983,1.946016,0.200465
20.585914,1.868281,0.200465
21.33159,1.771294,0.200465
22.07448,1.654861,0.200465
22.814248,1.519997,0.200465
23.550846,1.368748,0.200465
24.284567,1.204084,0.200465
25.016273,1.030659,0.200465
25.747467,0.855082,0.200465
26.47976,0.684159,0.200465
27.214077,0.522167,0.200465
27.950583,0.370433,0.200465
28.689257,0.22965,0.200465
29.430602,0.103745,0.200465
30.175347,0,0.200465
0.499491,0,0.267286
1.235659,0.155965,0.267286
1.965304,0.341223,0.267286
2.693955,0.530369,0.267286
3.422873,0.718489,0.267286
4.152497,0.903845,0.267286
4.882695,1.086931,0.267286
5.612577,1.271268,0.267286
6.343431,1.451698,0.267286
7.077692,1.617642,0.267286
7.816631,1.761256,0.267286
8.560245,1.878224,0.267286
9.307708,1.967355,0.267286
10.057846,2.030209,0.267286
10.809532,2.070786,0.267286
11.561929,2.095153,0.267286
12.314583,2.109922,0.267286
13.06732,2.11971,0.267286
13.820088,2.126689,0.267286
14.572874,2.131465,0.267286
15.325671,2.133888,0.267286
16.07847,2.132996,0.267286
16.83125,2.127516,0.267286
17.583949,2.115332,0.267286
18.336429,2.093607,0.267286
19.088408,2.058706,0.267286
19.839386,2.006644,0.267286
20.588625,1.933781,0.267286
21.335295,1.838136,0.267286
22.078809,1.720404,0.267286
22.819169,1.584193,0.267286
23.556722,1.433492,0.267286
24.291694,1.270657,0.267286
25.024489,1.098275,0.267286
25.755924,0.920198,0.267286
26.487191,0.741433,0.267286
27.219477,0.566893,0.267286
27.953618,0.400348,0.267286
28.690337,0.245636,0.267286
29.430571,0.108808,0.267286
30.175389,0,0.267286
0.493044,0,0.334108
1.227484,0.166952,0.334108
1.955318,0.36173,0.334108
2.682406,0.559285,0.334108
3.410223,0.754136,0.334108
4.138822,0.946044,0.334108
4.86729,1.138453,0.334108
5.596115,1.329493,0.334108
6.327503,1.510429,0.334108
7.06324,1.672707,0.334108
7.803933,1.810549,0.334108
8.549209,1.920919,0.334108
9.298074,2.003533,0.334108
10.049321,2.060682,0.334108
10.801891,2.096671,0.334108
11.555047,2.117413,0.334108
12.308404,2.129098,0.334108
13.061819,2.136106,0.334108
13.815255,2.140642,0.334108
14.568698,2.143507,0.334108
15.322146,2.144836,0.334108
16.075595,2.144005,0.334108
16.829033,2.140161,0.334108
17.582429,2.131399,0.334108
18.335703,2.115325,0.334108
19.088661,2.088378,0.334108
19.840899,2.045994,0.334108
20.591677,1.982963,0.334108
21.339921,1.894893,0.334108
22.084572,1.780332,0.334108
22.825282,1.642496,0.334108
23.562674,1.487825,0.334108
24.297736,1.322406,0.334108
25.030951,1.148983,0.334108
25.762642,0.969228,0.334108
26.493515,0.786169,0.334108
27.224583,0.603893,0.334108
27.956936,0.426864,0.334108
28.691786,0.260541,0.334108
29.430677,0.11332,0.334108
30.175427,0,0.334108
0.486993,0,0.400929
1.219982,0.17575,0.400929
1.946598,0.377098,0.400929
2.672586,0.58071,0.400929
3.399254,0.78188,0.400929
4.126467,0.981074,0.400929
4.853833,1.179709,0.400929
5.582577,1.373208,0.400929
6.314771,1.553157,0.400929
7.051745,1.712335,0.400929
7.793784,1.845867,0.400929
8.540332,1.95129,0.400929
9.290291,2.028867,0.400929
10.042423,2.08149,0.400929
10.795714,2.113804,0.400929
11.549495,2.13171,0.400929
12.303435,2.141106,0.400929
13.057419,2.14604,0.400929
13.811415,2.148876,0.400929
14.565414,2.150421,0.400929
15.319414,2.150928,0.400929
16.073414,2.150014,0.400929
16.827408,2.146918,0.400929
17.581377,2.140168,0.400929
18.335272,2.127697,0.400929
19.088963,2.106313,0.400929
19.842154,2.071679,0.400929
20.594228,2.018187,0.400929
21.344112,1.939915,0.400929
22.090408,1.832744,0.400929
22.832169,1.697647,0.400929
23.569691,1.540955,0.400929
24.304203,1.37066,0.400929
25.036934,1.192844,0.400929
25.768448,1.010078,0.400929
26.498989,0.823462,0.400929
27.229238,0.635704,0.400929
27.960262,0.450992,0.400929
28.693554,0.275539,0.400929
29.431093,0.119022,0.400929
30.175458,0,0.400929
0.480726,0,0.467751
1.212529,0.182844,0.467751
1.938348,0.388874,0.467751
2.663534,0.59713,0.467751
3.389229,0.803603,0.467751
4.115397,1.008406,0.467751
4.842166,1.211064,0.467751
5.571069,1.405879,0.467751
6.30399,1.584927,0.467751
7.04197,1.741761,0.467751
7.785091,1.872026,0.467751
8.532666,1.973643,0.467751
9.283521,2.047276,0.467751
10.036396,2.096293,0.467751
10.790305,2.125666,0.467751
11.544633,2.141344,0.467751
12.299088,2.149018,0.467751
13.053576,2.152565,0.467751
13.808071,2.154282,0.467751
14.562567,2.154996,0.467751
15.317063,2.155027,0.467751
16.071559,2.154037,0.467751
16.826051,2.151496,0.467751
17.580527,2.146049,0.467751
18.334955,2.135977,0.467751
19.089244,2.118476,0.467751
19.843177,2.089595,0.467751
20.596271,2.043979,0.467751
21.347574,1.975066,0.467751
22.095605,1.876919,0.467751
22.83891,1.747745,0.467751
23.577164,1.592176,0.467751
24.311461,1.418805,0.467751
25.043387,1.235652,0.467751
25.774101,1.047711,0.467751
26.50406,0.856859,0.467751
27.233581,0.664341,0.467751
27.963539,0.473485,0.467751
28.695515,0.290557,0.467751
29.431777,0.125849,0.467751
30.175485,0,0.467751
0.473878,0,0.534572
1.204768,0.188489,0.534572
1.930115,0.397861,0.534572
2.654794,0.609538,0.534572
3.379797,0.820106,0.534572
4.105242,1.029147,0.534572
4.831671,1.234734,0.534572
5.560794,1.430516,0.534572
6.294353,1.608903,0.534572
7.033164,1.764047,0.534572
7.777152,1.892032,0.534572
8.525571,1.990841,0.534572
9.277195,2.061336,0.534572
10.030726,2.107372,0.534572
10.785193,2.134313,0.534572
11.540022,2.148203,0.534572
12.294956,2.154574,0.534572
13.049914,2.157134,0.534572
13.804876,2.158095,0.534572
14.559838,2.15827,0.534572
15.314801,2.157999,0.534572
16.069762,2.157013,0.534572
16.824721,2.154867,0.534572
17.57967,2.150387,0.534572
18.334585,2.142067,0.534572
19.089403,2.127465,0.534572
19.84396,2.102983,0.534572
20.597873,2.063527,0.534572
21.350347,2.002701,0.534572
22.099977,1.913599,0.534572
22.84504,1.79211,0.534572
23.584545,1.640334,0.534572
24.319108,1.466097,0.534572
25.050451,1.278751,0.534572
25.78017,1.085164,0.534572
26.509155,0.888824,0.534572
27.237831,0.691341,0.534572
27.966813,0.494993,0.534572
28.697626,0.305601,0.534572
29.432685,0.133541,0.534572
30.175512,0,0.534572
0.466398,0,0.601394
1.19662,0.192957,0.601394
1.921764,0.40464,0.601394
2.646191,0.618772,0.601394
3.370751,0.832452,0.601394
4.095709,1.044774,0.601394
4.821964,1.25261,0.601394
5.551338,1.449178,0.601394
6.285419,1.627308,0.601394
7.024869,1.781583,0.601394
7.769574,1.908022,0.601394
8.518734,2.00461,0.601394
9.271052,2.07246,0.601394
10.025185,2.115935,0.601394
10.780173,2.140807,0.601394
11.535478,2.153231,0.601394
12.290868,2.158596,0.601394
13.046277,2.160445,0.601394
13.801688,2.160891,0.601394
14.557099,2.160718,0.601394
15.312511,2.160269,0.601394
16.067921,2.159321,0.601394
16.82333,2.157496,0.601394
17.578732,2.153768,0.601394
18.334111,2.146823,0.601394
19.089419,2.134485,0.601394
19.844531,2.113459,0.601394
20.599139,2.07896,0.601394
21.352578,2.024817,0.601394
22.103594,1.943923,0.601394
22.850417,1.830761,0.601394
23.591529,1.684762,0.601394
24.326856,1.511857,0.601394
25.057949,1.321761,0.601394
25.786764,1.123084,0.601394
26.514619,0.920916,0.601394
27.242217,0.717822,0.601394
27.970181,0.516046,0.601394
28.699894,0.32071,0.601394
29.433793,0.141851,0.601394
30.175546,0,0.601394
0.458298,0,0.668215
1.188078,0.196431,0.668215
1.913233,0.409644,0.668215
2.637605,0.625506,0.668215
3.361922,0.841555,0.668215
4.08659,1.056421,0.668215
4.812787,1.26605,0.668215
5.54236,1.463567,0.668215
6.276816,1.64201,0.668215
7.016797,1.795887,0.668215
7.762141,1.921176,0.668215
8.51198,2.015905,0.668215
9.264943,2.081453,0.668215
10.019644,2.122683,0.668215
10.775131,2.145767,0.668215
11.530895,2.156975,0.668215
12.286732,2.161557,0.668215
13.042582,2.162891,0.668215
13.798434,2.162992,0.668215
14.554286,2.162602,0.668215
15.310138,2.162055,0.668215
16.065989,2.161167,0.668215
16.821839,2.15961,0.668215
17.577684,2.156488,0.668215
18.333513,2.150646,0.668215
19.089289,2.140142,0.668215
19.844917,2.121941,0.668215
20.600144,2.091525,0.668215
21.354409,2.04297,0.668215
22.106606,1.969199,0.668215
22.85505,1.864087,0.668215
23.597952,1.725121,0.668215
24.334499,1.55557,0.668215
25.065749,1.364362,0.668215
25.793838,1.161401,0.668215
26.520551,0.953556,0.668215
27.246931,0.744546,0.668215
27.973749,0.537071,0.668215
28.702342,0.335938,0.668215
29.435084,0.150577,0.668215
30.175591,0,0.668215
0.449578,0,0.735037
1.179127,0.199047,0.735037
1.904465,0.413191,0.735037
2.628938,0.630251,0.735037
3.353171,0.848109,0.735037
4.077703,1.064967,0.735037
4.803856,1.27632,0.735037
5.53354,1.475101,0.735037
6.268306,1.654117,0.735037
7.008768,1.807825,0.735037
7.754707,1.932198,0.735037
8.505188,2.02532,0.735037
9.258767,2.088805,0.735037
10.014014,2.128062,0.735037
10.769986,2.149622,0.735037
11.526204,2.159782,0.735037
12.282483,2.163754,0.735037
13.038773,2.164721,0.735037
13.795064,2.164596,0.735037
14.551354,2.164079,0.735037
15.307644,2.163491,0.735037
16.063934,2.162675,0.735037
16.820224,2.161348,0.735037
17.57651,2.158721,0.735037
18.332784,2.153782,0.735037
19.08902,2.144809,0.735037
19.84514,2.128948,0.735037
20.600938,2.101966,0.735037
21.355937,2.058159,0.735037
22.10916,1.990577,0.735037
22.859049,1.892843,0.735037
23.603747,1.76132,0.735037
24.341877,1.59683,0.735037
25.073741,1.406272,0.735037
25.801371,1.200069,0.735037
26.526988,0.986873,0.735037
27.252068,0.771849,0.735037
27.977602,0.558366,0.735037
28.704998,0.35134,0.735037
29.436545,0.159569,0.735037
30.17565,0,0.735037
0.440237,0,0.801858
1.169754,0.200902,0.801858
1.895414,0.415518,0.801858
2.620105,0.63339,0.801858
3.344381,0.852635,0.801858
4.068827,1.07132,0.801858
4.794908,1.284495,0.801858
5.52468,1.484622,0.801858
6.259738,1.664303,0.801858
7.000661,1.817953,0.801858
7.747175,1.941553,0.801858
8.498274,2.033254,0.801858
9.252449,2.094904,0.801858
10.00823,2.132387,0.801858
10.764682,2.152593,0.801858
11.521355,2.161892,0.801858
12.278078,2.165389,0.801858
13.034811,2.166099,0.801858
13.791544,2.165836,0.801858
14.548277,2.165257,0.801858
15.305009,2.164666,0.801858
16.061742,2.163929,0.801858
16.818474,2.162799,0.801858
17.575204,2.160583,0.801858
18.331925,2.156447,0.801858
19.088618,2.148759,0.801858
19.845219,2.134818,0.801858
20.601561,2.110762,0.801858
21.357231,2.071049,0.801858
22.111369,2.008891,0.801858
22.862549,1.917843,0.801858
23.608951,1.793636,0.801858
24.348877,1.635334,0.801858
25.081819,1.447233,0.801858
25.809341,1.239058,0.801858
26.533973,1.020998,0.801858
27.257702,0.799951,0.801858
27.981837,0.580241,0.801858
28.707898,0.367004,0.801858
29.438168,0.168724,0.801858
30.175727,0,0.801858
0.430267,0,0.86868
1.159938,0.202085,0.86868
1.886032,0.41682,0.86868
2.611035,0.635217,0.86868
3.335398,0.855726,0.86868
4.059761,1.076235,0.86868
4.785779,1.291212,0.86868
5.515652,1.492667,0.86868
6.251008,1.673016,0.86868
6.992392,1.826649,0.86868
7.739472,1.949569,0.86868
8.491178,2.039993,0.86868
9.245937,2.099989,0.86868
10.002246,2.135883,0.86868
10.759181,2.154903,0.86868
11.516312,2.163478,0.86868
12.273488,2.166607,0.86868
13.030671,2.167143,0.86868
13.787854,2.166806,0.86868
14.545037,2.16621,0.86868
15.30222,2.165642,0.86868
16.059403,2.164986,0.86868
16.816586,2.164026,0.86868
17.573767,2.162154,0.86868
18.330941,2.158646,0.86868
19.088094,2.152027,0.86868
19.845176,2.139782,0.86868
20.602045,2.118246,0.86868
21.358348,2.0821,0.86868
22.113321,2.024745,0.86868
22.865669,1.939767,0.86868
23.613658,1.82254,0.86868
24.355445,1.670963,0.86868
25.089887,1.486997,0.86868
25.817728,1.278331,0.86868
26.541564,1.056114,0.86868
27.263912,0.829091,0.86868
27.986536,0.602949,0.86868
28.711118,0.383179,0.86868
29.439957,0.178032,0.86868
30.17582,0,0.86868
0.419656,0,0.935502
1.149665,0.202655,0.935502
1.876291,0.417243,0.935502
2.60164,0.636113,0.935502
3.326099,0.857913,0.935502
4.050405,1.080212,0.935502
4.776399,1.296914,0.935502
5.50641,1.499622,0.935502
6.242095,1.68059,0.935502
6.983959,1.834204,0.935502
7.731615,1.956496,0.935502
8.48393,2.045756,0.935502
9.239276,2.104253,0.935502
9.996122,2.138724,0.935502
10.753551,2.156705,0.935502
11.511158,2.164671,0.935502
12.268804,2.167516,0.935502
13.026455,2.167941,0.935502
13.784107,2.167575,0.935502
14.541759,2.166993,0.935502
15.29941,2.166464,0.935502
16.057062,2.165888,0.935502
16.814713,2.165074,0.935502
17.572364,2.163491,0.935502
18.330009,2.160509,0.935502
19.087638,2.154795,0.935502
19.845211,2.144001,0.935502
20.602609,2.124649,0.935502
21.359526,2.091637,0.935502
22.115287,2.038576,0.935502
22.868716,1.959138,0.935502
23.618186,1.848515,0.935502
24.361817,1.703788,0.935502
25.098064,1.525229,0.935502
25.82676,1.3179,0.935502
26.550067,1.0924,0.935502
27.271028,0.859484,0.935502
27.992031,0.626696,0.935502
28.714992,0.400081,0.935502
29.442244,0.18769,0.935502
30.176213,0,0.935502
0.40839,0,1.002323
1.13895,0.202635,1.002323
1.866174,0.417031,1.002323
2.591893,0.636474,1.002323
3.316485,0.859609,1.002323
4.040804,1.08363,1.002323
4.766854,1.301957,1.002323
5.497083,1.505814,1.002323
6.233168,1.687321,1.002323
6.975573,1.840876,1.002323
7.723853,1.96256,1.002323
8.476817,2.050739,1.002323
9.232789,2.107868,1.002323
9.990212,2.141055,1.002323
10.748183,2.158122,1.002323
11.506315,2.165574,1.002323
12.264482,2.1682,1.002323
13.022653,2.16856,1.002323
13.780824,2.168194,1.002323
14.538996,2.167647,1.002323
15.297167,2.167166,1.002323
16.055338,2.166666,1.002323
16.81351,2.165978,1.002323
17.57168,2.164636,1.002323
18.329847,2.162094,1.002323
19.088002,2.157144,1.002323
19.846111,2.147589,1.002323
20.604076,2.130126,1.002323
21.36163,2.099873,1.002323
22.118175,2.050661,1.002323
22.872647,1.976295,1.002323
23.623533,1.871856,1.002323
24.368986,1.733939,1.002323
25.107224,1.561523,1.002323
25.837329,1.357329,1.002323
26.560511,1.129724,1.002323
27.280183,0.8912,1.002323
27.99946,0.651483,1.002323
28.720674,0.417677,1.002323
29.446213,0.197702,1.002323
30.17811,0,1.002323
0.39645,0,1.069145
1.127733,0.202302,1.069145
1.855656,0.416467,1.069145
2.581801,0.63659,1.069145
3.306603,0.8611,1.069145
4.031038,1.086789,1.069145
4.757263,1.306632,1.069145
5.487832,1.511515,1.069145
6.224432,1.693456,1.069145
6.96748,1.846886,1.069145
7.716472,1.967952,1.069145
8.470164,2.055105,1.069145
9.226834,2.111027,1.069145
9.984915,2.143012,1.069145
10.743512,2.159186,1.069145
11.502254,2.166268,1.069145
12.261026,2.168725,1.069145
13.019803,2.16905,1.069145
13.778581,2.168706,1.069145
14.537358,2.168203,1.069145
15.296135,2.167775,1.069145
16.054912,2.167345,1.069145
16.813689,2.166764,1.069145
17.572465,2.165622,1.069145
18.331239,2.163446,1.069145
19.090003,2.159135,1.069145
19.848731,2.150633,1.069145
20.607338,2.134799,1.069145
21.365593,2.10697,1.069145
22.122965,2.061211,1.069145
22.878493,1.991501,1.069145
23.630777,1.89286,1.069145
24.37804,1.761554,1.069145
25.118389,1.595658,1.069145
25.850382,1.396068,1.069145
26.574147,1.168345,1.069145
27.292659,0.924467,1.069145
28.010092,0.677421,1.069145
28.729411,0.435938,1.069145
29.453128,0.208013,1.069145
30.182809,0,1.069145
0.383843,0,1.135966
1.116061,0.20166,1.135966
1.844758,0.41577,1.135966
2.571416,0.636707,1.135966
3.296539,0.862635,1.135966
4.021231,1.089947,1.135966
4.74779,1.311194,1.135966
5.478863,1.51697,1.135966
6.216136,1.699217,1.135966
6.959971,1.852429,1.135966
7.709805,1.972839,1.135966
8.464344,2.058993,1.135966
9.221829,2.113741,1.135966
9.980684,2.144664,1.135966
10.740025,2.16011,1.135966
11.499499,2.166818,1.135966
12.259,2.169115,1.135966
13.018506,2.16946,1.135966
13.778011,2.169127,1.135966
14.537517,2.168687,1.135966
15.297022,2.168311,1.135966
16.056527,2.167943,1.135966
16.816033,2.167453,1.135966
17.575538,2.166476,1.135966
18.335041,2.164562,1.135966
19.094536,2.160758,1.135966
19.854003,2.153209,1.135966
20.613366,2.138767,1.135966
21.372426,2.113057,1.135966
22.13071,2.070398,1.135966
22.887355,2.004956,1.135966
23.64107,1.911751,1.135966
24.390163,1.786803,1.135966
25.132713,1.627547,1.135966
25.866961,1.433577,1.135966
26.592109,1.20789,1.135966
27.309926,0.959766,1.135966
28.02533,0.704727,1.135966
28.742566,0.454902,1.135966
29.464345,0.21856,1.135966
30.191708,0,1.135966
0.370613,0,1.202788
1.103963,0.200918,1.202788
1.833558,0.415144,1.202788
2.560857,0.637049,1.202788
3.286455,0.864458,1.202788
4.011587,1.093354,1.202788
4.738686,1.315897,1.202788
5.470478,1.52242,1.202788
6.208632,1.704824,1.202788
6.953449,1.857697,1.202788
7.704305,1.977383,1.202788
8.459858,2.062538,1.202788
9.218321,2.116163,1.202788
9.978112,2.146121,1.202788
10.738362,2.160913,1.202788
11.498734,2.167292,1.202788
12.259132,2.169502,1.202788
13.019532,2.169805,1.202788
13.779933,2.169524,1.202788
14.540334,2.169118,1.202788
15.300735,2.168789,1.202788
16.061136,2.168476,1.202788
16.821537,2.16806,1.202788
17.581937,2.167217,1.202788
18.342336,2.165588,1.202788
19.10273,2.162237,1.202788
19.863098,2.155351,1.202788
20.62338,2.142092,1.202788
21.383397,2.118229,1.202788
22.142731,2.078344,1.202788
22.900605,2.016806,1.202788
23.655836,1.928684,1.202788
24.406827,1.809806,1.202788
25.151673,1.657132,1.202788
25.888455,1.469377,1.202788
26.615736,1.247617,1.202788
27.333829,0.997611,1.202788
28.047111,0.734103,1.202788
28.761898,0.474722,1.202788
29.481577,0.229273,1.202788
30.206578,0,1.202788
0.356798,0,1.269609
1.091503,0.200221,1.269609
1.822173,0.414781,1.269609
2.550298,0.637835,1.269609
3.276585,0.86681,1.269609
4.002402,1.09727,1.269609
4.730313,1.321006,1.269609
5.463106,1.52812,1.269609
6.202422,1.710513,1.269609
6.948488,1.862897,1.269609
7.700614,1.981753,1.269609
8.457415,2.065877,1.269609
9.217084,2.118416,1.269609
9.978039,2.147439,1.269609
10.739427,2.161625,1.269609
11.500928,2.167714,1.269609
12.262452,2.169818,1.269609
13.023979,2.170113,1.269609
13.785506,2.169863,1.269609
14.547034,2.1695,1.269609
15.308561,2.169214,1.269609
16.070088,2.168948,1.269609
16.831615,2.168592,1.269609
17.593142,2.167856,1.269609
18.354668,2.166424,1.269609
19.116189,2.163415,1.269609
19.877689,2.157125,1.269609
20.639114,2.144842,1.269609
21.400306,2.122552,1.269609
22.160895,2.085107,1.269609
22.920182,2.027125,1.269609
23.677086,1.943724,1.269609
24.430103,1.830574,1.269609
25.177378,1.684283,1.269609
25.916928,1.502958,1.269609
26.646955,1.28645,1.269609
27.366587,1.037506,1.269609
28.07838,0.76684,1.269609
28.790045,0.495831,1.269609
29.507307,0.240043,1.269609
30.230002,0,1.269609
0.342428,0,1.336431
1.078784,0.19971,1.336431
1.810796,0.414881,1.336431
2.540028,0.639307,1.336431
3.267314,0.869973,1.336431
3.994164,1.102007,1.336431
4.723263,1.326844,1.336431
5.457453,1.534389,1.336431
6.198323,1.716575,1.336431
6.946017,1.868281,1.336431
7.699776,1.986161,1.336431
8.458171,2.069164,1.336431
9.219381,2.120599,1.336431
9.981833,2.148715,1.336431
10.744694,2.16231,1.336431
11.507659,2.168103,1.336431
12.270646,2.170098,1.336431
13.033634,2.170383,1.336431
13.796623,2.17016,1.336431
14.559612,2.169839,1.336431
15.322601,2.169592,1.336431
16.08559,2.169365,1.336431
16.848579,2.169057,1.336431
17.611567,2.168404,1.336431
18.374555,2.167125,1.336431
19.137539,2.16438,1.336431
19.900505,2.158555,1.336431
20.663404,2.147052,1.336431
21.426096,2.126057,1.336431
22.188249,2.09069,1.336431
22.949238,2.035842,1.336431
23.708076,1.956746,1.336431
24.463355,1.848923,1.336431
25.213272,1.708648,1.336431
25.955838,1.533612,1.336431
26.6891,1.322981,1.336431
27.411503,1.077661,1.336431
28.123451,0.803377,1.336431
28.831648,0.519465,1.336431
29.545733,0.250783,1.336431
30.26632,0,1.336431
0.327527,0,1.403252
1.066004,0.199544,1.403252
1.799819,0.415697,1.403252
2.530634,0.641798,1.403252
3.259425,0.874351,1.403252
3.987856,1.10803,1.403252
4.718733,1.333911,1.403252
5.45493,1.541722,1.403252
6.197974,1.723466,1.403252
6.9479,1.874252,1.403252
7.703873,1.990949,1.403252
8.464427,2.072666,1.403252
9.22773,2.122886,1.403252
9.992225,2.150031,1.403252
10.757104,2.16305,1.403252
11.522079,2.16848,1.403252
12.287073,2.17035,1.403252
13.052069,2.17062,1.403252
13.817065,2.17042,1.403252
14.58206,2.170137,1.403252
15.347056,2.169925,1.403252
16.112052,2.169732,1.403252
16.877048,2.16946,1.403252
17.642044,2.168867,1.403252
18.407039,2.167701,1.403252
19.17203,2.165139,1.403252
19.937005,2.159647,1.403252
20.70192,2.148706,1.403252
21.466647,2.128685,1.403252
22.230885,2.094951,1.403252
22.994068,2.042672,1.403252
23.755298,1.967222,1.403252
24.513261,1.864095,1.403252
25.266217,1.729259,1.403252
26.012164,1.559929,1.403252
26.749118,1.354984,1.403252
27.475279,1.114577,1.403252
28.189689,0.841172,1.403252
28.89578,0.546815,1.403252
29.60554,0.261496,1.403252
30.324431,0,1.403252
0.312118,0,1.470074
1.053727,0.199981,1.470074
1.790351,0.417708,1.470074
2.523779,0.645987,1.470074
3.255137,0.880823,1.470074
3.986264,1.116379,1.470074
4.720094,1.343339,1.470074
5.459524,1.551251,1.470074
6.205977,1.732262,1.470074
6.959358,1.88178,1.470074
7.718748,1.996918,1.470074
8.482638,2.076968,1.470074
9.24919,2.125636,1.470074
10.016871,2.151578,1.470074
10.784905,2.163835,1.470074
11.553024,2.16888,1.470074
12.32116,2.170588,1.470074
13.089297,2.170826,1.470074
13.857434,2.170642,1.470074
14.625571,2.170397,1.470074
15.393708,2.170217,1.470074
16.161846,2.170051,1.470074
16.929983,2.169802,1.470074
17.69812,2.169244,1.470074
18.466257,2.168144,1.470074
19.234389,2.165659,1.470074
20.002507,2.160308,1.470074
20.770567,2.149601,1.470074
21.538449,2.13004,1.470074
22.30587,2.097202,1.470074
23.07231,2.046502,1.470074
23.836934,1.973462,1.470074
24.598503,1.873585,1.470074
25.355346,1.742699,1.470074
26.105462,1.577621,1.470074
26.846818,1.37684,1.470074
27.577634,1.140559,1.470074
28.296591,0.870308,1.470074
29.00442,0.572032,1.470074
29.710676,0.270027,1.470074
30.429614,0,1.470074
0.296213,0,1.536895
1.043206,0.201477,1.536895
1.784888,0.421805,1.536895
2.523192,0.653226,1.536895
3.259426,0.891162,1.536895
3.995626,1.129201,1.536895
4.734909,1.35744,1.536895
5.480158,1.565295,1.536895
6.232629,1.745185,1.536895
6.992068,1.892861,1.536895
7.757456,2.005684,1.536895
8.527227,2.083193,1.536895
9.299527,2.129515,1.536895
10.072861,2.153694,1.536895
10.846504,2.164861,1.536895
11.620217,2.169365,1.536895
12.393944,2.170823,1.536895
13.167672,2.171004,1.536895
13.9414,2.170826,1.536895
14.715128,2.170631,1.536895
15.488856,2.170535,1.536895
16.262584,2.170411,1.536895
17.036312,2.170117,1.536895
17.81004,2.169515,1.536895
18.583767,2.168405,1.536895
19.35749,2.16581,1.536895
20.131197,2.160247,1.536895
20.904843,2.149147,1.536895
21.678303,2.12905,1.536895
22.451298,2.095667,1.536895
23.223318,2.044612,1.536895
23.993551,1.971488,1.536895
24.760783,1.871793,1.536895
25.523366,1.74129,1.536895
26.279311,1.576687,1.536895
27.026546,1.376244,1.536895
27.763325,1.140233,1.536895
28.488604,0.870917,1.536895
29.202701,0.573152,1.536895
29.91212,0.26433,1.536895
30.638627,0,1.536895
0.279823,0,1.603717
1.033756,0.203948,1.603717
1.782069,0.427749,1.603717
2.526843,0.663085,1.603717
3.2696,0.904725,1.603717
4.01264,1.145489,1.603717
4.759225,1.374971,1.603717
5.51218,1.582516,1.603717
6.272553,1.760907,1.603717
7.039915,1.906274,1.603717
7.813143,2.016211,1.603717
8.590609,2.090544,1.603717
9.370438,2.133983,1.603717
10.151187,2.156062,1.603717
10.932195,2.165965,1.603717
11.71326,2.169861,1.603717
12.494334,2.171038,1.603717
13.275409,2.171157,1.603717
14.056484,2.170983,1.603717
14.837559,2.17083,1.603717
15.618635,2.170755,1.603717
16.39971,2.17063,1.603717
17.180785,2.170324,1.603717
17.96186,2.169707,1.603717
18.742934,2.168515,1.603717
19.524004,2.165672,1.603717
20.305055,2.159621,1.603717
21.086036,2.147683,1.603717
21.866813,2.126369,1.603717
22.647097,2.091511,1.603717
23.426374,2.038857,1.603717
24.203822,1.964012,1.603717
24.978218,1.862433,1.603717
25.747899,1.729852,1.603717
26.510875,1.56301,1.603717
27.2651,1.360262,1.603717
28.008881,1.12202,1.603717
28.741564,0.851519,1.603717
29.464482,0.555831,1.603717
30.185108,0.254577,1.603717
30.92316,0,1.603717
0.262956,0,1.670538
1.02159,0.206393,1.670538
1.774357,0.433373,1.670538
2.5235,0.672066,1.670538
3.270757,0.916616,1.670538
4.018639,1.15924,1.670538
4.770483,1.389233,1.670538
5.529006,1.596047,1.670538
6.29506,1.772879,1.670538
7.068069,1.916228,1.670538
7.846849,2.023877,1.670538
8.629742,2.095828,1.670538
9.414874,2.137153,1.670538
10.200848,2.157711,1.670538
10.987048,2.166715,1.670538
11.773295,2.170198,1.670538
12.55955,2.171202,1.670538
13.345806,2.171292,1.670538
14.132061,2.171134,1.670538
14.918316,2.171015,1.670538
15.704572,2.170954,1.670538
16.490827,2.170831,1.670538
17.277083,2.170525,1.670538
18.063338,2.169919,1.670538
18.849592,2.168691,1.670538
19.635842,2.16576,1.670538
20.422071,2.159533,1.670538
21.20823,2.147368,1.670538
21.994184,2.125857,1.670538
22.779655,2.091024,1.670538
23.564151,2.038747,1.670538
24.346876,1.964651,1.670538
25.12664,1.864173,1.670538
25.901816,1.732993,1.670538
26.670455,1.567815,1.670538
27.430549,1.366967,1.670538
28.180449,1.130872,1.670538
28.919577,0.862901,1.670538
29.649678,0.571145,1.670538
30.378136,0.275287,1.670538
31.114602,0,1.670538
0.245609,0,1.73736
1.006983,0.209049,1.73736
1.762359,0.438947,1.73736
2.514111,0.680461,1.73736
3.264173,0.927186,1.73736
4.015215,1.170902,1.73736
4.770579,1.400806,1.73736
5.532848,1.606579,1.73736
6.302689,1.781849,1.73736
7.079417,1.923465,1.73736
7.861812,2.029354,1.73736
8.648219,2.099588,1.73736
9.436778,2.139404,1.73736
10.226125,2.158867,1.73736
11.015676,2.167231,1.73736
11.805268,2.170431,1.73736
12.594867,2.171331,1.73736
13.384466,2.171414,1.73736
14.174065,2.171275,1.73736
14.963664,2.171181,1.73736
15.753263,2.171132,1.73736
16.542862,2.171016,1.73736
17.332461,2.170721,1.73736
18.122059,2.170142,1.73736
18.911658,2.168934,1.73736
19.701251,2.16606,1.73736
20.490826,2.160005,1.73736
21.280332,2.1481,1.73736
22.06965,2.127252,1.73736
22.858523,2.093668,1.73736
23.646499,2.043362,1.73736
24.432838,1.972002,1.73736
25.216416,1.875019,1.73736
25.995676,1.748005,1.73736
26.768727,1.587525,1.73736
27.533582,1.391691,1.73736
28.288535,1.160598,1.73736
29.032775,0.896992,1.73736
29.767389,0.607563,1.73736
30.49745,0.30677,1.73736
31.224978,0,1.73736
0.227789,0,1.804182
0.990862,0.212284,1.804182
1.747957,0.445103,1.804182
2.501521,0.689134,1.804182
3.253648,0.937574,1.804182
4.007111,1.181913,1.804182
4.765224,1.411353,1.804182
5.530413,1.615873,1.804182
6.303175,1.789547,1.804182
7.082734,1.929549,1.804182
7.867853,2.033918,1.804182
8.656893,2.102726,1.804182
9.448016,2.141286,1.804182
10.239884,2.159822,1.804182
11.031939,2.167647,1.804182
11.824029,2.170613,1.804182
12.616125,2.17144,1.804182
13.408221,2.171521,1.804182
14.200317,2.171403,1.804182
14.992414,2.171328,1.804182
15.78451,2.171288,1.804182
16.576606,2.17118,1.804182
17.368703,2.1709,1.804182
18.160799,2.170355,1.804182
18.952894,2.169194,1.804182
19.744985,2.166444,1.804182
20.53706,2.160645,1.804182
21.329072,2.149301,1.804182
22.120916,2.129518,1.804182
22.912364,2.097726,1.804182
23.703009,2.050076,1.804182
24.492173,1.982293,1.804182
25.27881,1.88979,1.804182
26.061441,1.768045,1.804182
26.838229,1.613404,1.804182
27.607181,1.423623,1.804182
28.366453,1.19821,1.804182
29.114821,0.938858,1.804182
29.85223,0.649762,1.804182
30.580722,0.33882,1.804182
31.296514,0,1.804182
0.209551,0,1.871003
0.973696,0.216276,1.871003
1.732066,0.4521,1.871003
2.487094,0.698443,1.871003
3.240978,0.948272,1.871003
3.996558,1.192904,1.871003
4.757087,1.421618,1.871003
5.524826,1.624732,1.871003
6.300112,1.796766,1.871003
7.082089,1.9352,1.871003
7.86952,2.03815,1.871003
8.660786,2.105651,1.871003
9.454073,2.143042,1.871003
10.248067,2.160702,1.871003
11.042232,2.16802,1.871003
11.836429,2.17077,1.871003
12.63063,2.171532,1.871003
13.424831,2.171614,1.871003
14.219032,2.171515,1.871003
15.013234,2.171457,1.871003
15.807435,2.171424,1.871003
16.601637,2.171324,1.871003
17.395838,2.171061,1.871003
18.190039,2.17055,1.871003
18.98424,2.16945,1.871003
19.778437,2.166854,1.871003
20.572618,2.161378,1.871003
21.366746,2.150712,1.871003
22.160726,2.13217,1.871003
22.954361,2.102402,1.871003
23.747287,2.057687,1.871003
24.538891,1.993799,1.871003
25.328201,1.906125,1.871003
26.113816,1.789998,1.871003
26.893945,1.64149,1.871003
27.666564,1.457907,1.871003
28.42964,1.238018,1.871003
29.181472,0.982306,1.871003
29.920749,0.692274,1.871003
30.646365,0.369584,1.871003
31.348941,0,1.871003
0.190988,0,1.937825
0.955747,0.221051,1.937825
1.715129,0.459995,1.937825
2.471451,0.70848,1.937825
3.22696,0.959431,1.937825
3.98452,1.2041,1.937825
4.747303,1.43189,1.937825
5.517402,1.633484,1.937825
6.294999,1.803841,1.937825
7.079174,1.940724,1.937825
7.868696,2.042301,1.937825
8.661972,2.108538,1.937825
9.457211,2.144778,1.937825
10.253121,2.161563,1.937825
11.049186,2.168373,1.937825
11.845279,2.17091,1.937825
12.641376,2.171612,1.937825
13.437474,2.171694,1.937825
14.233571,2.171612,1.937825
15.029668,2.171568,1.937825
15.825765,2.171542,1.937825
16.621863,2.171449,1.937825
17.41796,2.171204,1.937825
18.214057,2.170729,1.937825
19.010154,2.169696,1.937825
19.806247,2.16727,1.937825
20.602327,2.162156,1.937825
21.398361,2.15223,1.937825
22.194268,2.135019,1.937825
22.989878,2.107381,1.937825
23.784871,2.065716,1.937825
24.578691,2.005836,1.937825
25.370441,1.923086,1.937825
26.15879,1.812629,1.937825
26.941985,1.670226,1.937825
27.717953,1.492665,1.937825
28.484453,1.277908,1.937825
29.239299,1.025231,1.937825
29.979938,0.733568,1.937825
30.702114,0.398893,1.937825
31.39039,0,1.937825
0.172192,0,2.004646
0.937201,0.226556,2.004646
1.697418,0.468756,2.004646
2.454952,0.719241,2.004646
3.212036,0.971086,2.004646
3.971516,1.215582,2.004646
4.736471,1.442298,2.004646
5.508823,1.642288,2.004646
6.288609,1.810942,2.004646
7.074857,1.946282,2.004646
7.866343,2.046503,2.004646
8.661506,2.11148,2.004646
9.458577,2.146549,2.004646
10.256283,2.162432,2.004646
11.05413,2.168721,2.004646
11.852001,2.171039,2.004646
12.649875,2.17168,2.004646
13.447749,2.171762,2.004646
14.245623,2.171696,2.004646
15.043497,2.171664,2.004646
15.841371,2.171643,2.004646
16.639245,2.171557,2.004646
17.437119,2.17133,2.004646
18.234993,2.170891,2.004646
19.032867,2.169932,2.004646
19.830738,2.167688,2.004646
20.628597,2.162958,2.004646
21.426417,2.153809,2.004646
22.224132,2.138037,2.004646
23.021592,2.112552,2.004646
23.818516,2.073872,2.004646
24.614415,2.018037,2.004646
25.408454,1.940235,2.004646
26.19936,1.835369,2.004646
26.985415,1.6989,2.004646
27.764489,1.527063,2.004646
28.534124,1.317,2.004646
29.291667,1.066846,2.004646
30.033394,0.773193,2.004646
30.751906,0.42683,2.004646
31.424963,0,2.004646
0.153238,0,2.071468
0.918195,0.232699,2.071468
1.679116,0.478306,2.071468
2.437825,0.730677,2.071468
3.196478,0.983219,2.071468
3.957861,1.227372,2.071468
4.724946,1.452901,2.071468
5.499489,1.65123,2.071468
6.281393,1.818164,2.071468
7.069638,1.951966,2.071468
7.863017,2.050833,2.071468
8.659998,2.114533,2.071468
9.458831,2.14839,2.071468
10.258265,2.163327,2.071468
11.057825,2.169069,2.071468
11.857404,2.17116,2.071468
12.656987,2.17174,2.071468
13.456569,2.17182,2.071468
14.256152,2.171768,2.071468
15.055734,2.171745,2.071468
15.855317,2.171728,2.071468
16.6549,2.171649,2.071468
17.454482,2.171441,2.071468
18.254065,2.17104,2.071468
19.053647,2.170159,2.071468
19.853227,2.168106,2.071468
20.652797,2.163777,2.071468
21.452335,2.155429,2.071468
22.251786,2.141074,2.071468
23.051023,2.117776,2.071468
23.849802,2.082166,2.071468
24.647684,2.03033,2.071468
25.4439,1.957354,2.071468
26.237232,1.857933,2.071468
27.025988,1.727165,2.071468
27.807974,1.560714,2.071468
28.580521,1.354914,2.071468
29.340536,1.106857,2.071468
30.083204,0.811041,2.071468
30.798007,0.453502,2.071468
31.455007,0,2.071468
0.134181,0,2.138289
0.898834,0.239375,2.138289
1.660355,0.488551,2.138289
2.420227,0.74272,2.138289
3.180464,0.995792,2.138289
3.943755,1.239462,2.138289
4.712951,1.463722,2.138289
5.48965,1.660353,2.138289
6.273629,1.825562,2.138289
7.063828,1.957831,2.138289
7.85906,2.05534,2.138289
8.65782,2.117732,2.138289
9.458379,2.15032,2.138289
10.259503,2.164259,2.138289
11.060739,2.169425,2.138289
11.86199,2.171277,2.138289
12.663244,2.171792,2.138289
13.464497,2.171868,2.138289
14.265751,2.171828,2.138289
15.067005,2.171813,2.138289
15.868259,2.171799,2.138289
16.669513,2.171728,2.138289
17.470766,2.171539,2.138289
18.27202,2.171178,2.138289
19.073274,2.17038,2.138289
19.874525,2.168526,2.138289
20.675769,2.164612,2.138289
21.476986,2.15708,2.138289
22.278132,2.144074,2.138289
23.079104,2.123013,2.138289
23.879692,2.09058,2.138289
24.679494,2.042645,2.138289
25.477803,1.974334,2.138289
26.273462,1.880181,2.138289
27.064792,1.754854,2.138289
27.849538,1.59344,2.138289
28.624822,1.391499,2.138289
29.387145,1.145181,2.138289
30.130678,0.847129,2.138289
30.841827,0.479001,2.138289
31.481981,0,2.138289
0.115061,0,2.205111
0.879194,0.24649,2.205111
1.64123,0.499394,2.205111
2.402265,0.755297,2.205111
3.164115,1.008757,2.205111
3.929331,1.251831,2.205111
4.700633,1.474762,2.205111
5.479469,1.669679,2.205111
6.265499,1.833169,2.205111
7.057629,1.963911,2.205111
7.854694,2.060053,2.205111
8.655217,2.121099,2.205111
9.457485,2.152355,2.205111
10.260281,2.165235,2.205111
11.063175,2.16979,2.205111
11.866081,2.171391,2.205111
12.668989,2.171837,2.205111
13.471897,2.171907,2.205111
14.274805,2.171878,2.205111
15.077713,2.171868,2.205111
15.880621,2.171858,2.205111
16.683529,2.171794,2.205111
17.486436,2.171626,2.205111
18.289344,2.171307,2.205111
19.092252,2.170598,2.205111
19.895158,2.168949,2.205111
20.698058,2.165462,2.205111
21.500937,2.158761,2.205111
22.303759,2.147185,2.205111
23.106442,2.128319,2.205111
23.908803,2.098915,2.205111
24.710485,2.054841,2.205111
25.510835,1.991122,2.205111
26.308744,1.902046,2.205111
27.102549,1.781893,2.205111
27.889928,1.625172,2.205111
28.667812,1.426714,2.205111
29.432317,1.181826,2.205111
30.176684,0.881512,2.205111
30.884291,0.503394,2.205111
31.506844,0,2.205111
0.095903,0,2.271932
0.859333,0.253948,2.271932
1.62181,0.510741,2.271932
2.384017,0.768338,2.271932
3.147517,1.022065,2.271932
3.914682,1.26445,2.271932
4.688093,1.486015,2.271932
5.469058,1.679217,2.271932
6.257126,1.841002,2.271932
7.051179,1.970227,2.271932
7.850072,2.064992,2.271932
8.652356,2.124648,2.271932
9.456329,2.154502,2.271932
10.260795,2.166259,2.271932
11.065343,2.170167,2.271932
11.869901,2.171503,2.271932
12.67446,2.171877,2.271932
13.479019,2.171938,2.271932
14.283578,2.171918,2.271932
15.088137,2.171913,2.271932
15.892696,2.171904,2.271932
16.697255,2.171849,2.271932
17.501814,2.171703,2.271932
18.306373,2.171429,2.271932
19.110932,2.170814,2.271932
19.915489,2.169379,2.271932
20.720042,2.166331,2.271932
21.524579,2.160473,2.271932
22.329073,2.150333,2.271932
23.133456,2.133652,2.271932
23.937574,2.107242,2.271932
24.74111,2.066953,2.271932
25.543459,2.007696,2.271932
26.343559,1.923504,2.271932
27.139759,1.808256,2.271932
27.929672,1.655897,2.271932
28.710042,1.460571,2.271932
29.476635,1.216838,2.271932
30.221825,0.914258,2.271932
30.926036,0.526723,2.271932
31.530257,0,2.271932
0.076725,0,2.338754
0.839293,0.261677,2.338754
1.60215,0.522513,2.338754
2.365541,0.781778,2.338754
3.130737,1.035656,2.338754
3.899874,1.277292,2.338754
4.675404,1.49747,2.338754
5.458494,1.688968,2.338754
6.248599,1.849069,2.338754
7.044575,1.97679,2.338754
7.845301,2.070166,2.338754
8.649351,2.12839,2.338754
9.455038,2.156767,2.338754
10.261178,2.167334,2.338754
11.067388,2.170558,2.338754
11.873604,2.171614,2.338754
12.67982,2.171911,2.338754
13.486037,2.171962,2.338754
14.292254,2.171949,2.338754
15.098471,2.171947,2.338754
15.904687,2.171941,2.338754
16.710904,2.171894,2.338754
17.517121,2.171773,2.338754
18.323338,2.171547,2.338754
19.129554,2.171032,2.338754
19.93577,2.169819,2.338754
20.741982,2.167222,2.338754
21.548183,2.162223,2.338754
22.354353,2.153603,2.338754
23.160435,2.139021,2.338754
23.966304,2.115559,2.338754
24.771678,2.078979,2.338754
25.575998,2.024057,2.338754
26.378245,1.944554,2.338754
27.176776,1.833949,2.338754
27.96914,1.68563,2.338754
28.751906,1.493108,2.338754
29.520511,1.25028,2.338754
30.26653,0.945436,2.338754
30.967505,0.54902,2.338754
31.552687,0,2.338754
0.057539,0,2.405575
0.819109,0.269612,2.405575
1.58229,0.534636,2.405575
2.34688,0.795561,2.405575
3.113811,1.049517,2.405575
3.884956,1.290329,2.405575
4.662616,1.509112,2.405575
5.447835,1.698929,2.405575
6.239979,1.857373,2.405575
7.037886,1.983605,2.405575
7.840456,2.075583,2.405575
8.646288,2.132328,2.405575
9.4537,2.159154,2.405575
10.261528,2.168462,2.405575
11.069412,2.170963,2.405575
11.8773,2.171725,2.405575
12.685189,2.171941,2.405575
13.493077,2.17198,2.405575
14.300965,2.171972,2.405575
15.108854,2.171973,2.405575
15.916742,2.171968,2.405575
16.72463,2.171931,2.405575
17.532519,2.171836,2.405575
18.340407,2.171661,2.405575
19.148295,2.171253,2.405575
19.956183,2.170272,2.405575
20.764068,2.168138,2.405575
21.571946,2.164008,2.405575
22.379802,2.156842,2.405575
23.187592,2.144417,2.405575
23.995214,2.123874,2.405575
24.802419,2.090928,2.405575
25.608691,2.040212,2.405575
26.41305,1.965208,2.405575
27.213861,1.858989,2.405575
28.008611,1.714404,2.405575
28.793699,1.524376,2.405575
29.564254,1.282221,2.405575
30.311111,0.975111,2.405575
31.009018,0.570302,2.405575
31.574477,0,2.405575
0.038353,0,2.472397
0.798809,0.277694,2.472397
1.562265,0.547041,2.472397
2.328069,0.809639,2.472397
3.096785,1.063576,2.472397
3.869965,1.303537,2.472397
4.64977,1.520925,2.472397
5.437125,1.709091,2.472397
6.231315,1.865913,2.472397
7.031165,1.990674,2.472397
7.835597,2.081246,2.472397
8.643229,2.136466,2.472397
9.452385,2.161664,2.472397
10.261919,2.169642,2.472397
11.071496,2.171382,2.472397
11.881074,2.17186,2.472397
12.690653,2.172029,2.472397
13.500232,2.172022,2.472397
14.309811,2.171988,2.472397
15.11939,2.171989,2.472397
15.928969,2.171986,2.472397
16.738548,2.17196,2.472397
17.548127,2.171895,2.472397
18.357706,2.171775,2.472397
19.167285,2.17148,2.472397
19.976864,2.17074,2.472397
20.786441,2.169082,2.472397
21.596014,2.165836,2.472397
22.405572,2.160131,2.472397
23.215084,2.149854,2.472397
24.024466,2.132195,2.472397
24.833501,2.10281,2.472397
25.641714,2.056177,2.472397
26.448161,1.985485,2.472397
27.251213,1.883404,2.472397
28.048293,1.742257,2.472397
28.835641,1.554429,2.472397
29.608097,1.312728,2.472397
30.355807,1.003341,2.472397
31.050808,0.590575,2.472397
31.595878,0,2.472397
0.019172,0,2.539218
0.778406,0.2859,2.539218
1.542096,0.559697,2.539218
2.309138,0.823961,2.539218
3.079672,1.077854,2.539218
3.85493,1.316892,2.539218
4.636897,1.532897,2.539218
5.426397,1.71945,2.539218
6.222647,1.874686,2.539218
7.024457,1.997996,2.539218
7.83077,2.087154,2.539218
8.640225,2.140805,2.539218
9.451148,2.164298,2.539218
10.262409,2.170875,2.539218
11.073702,2.171815,2.539218
11.884995,2.171956,2.539218
12.696288,2.172011,2.539218
13.507581,2.172008,2.539218
14.318875,2.171997,2.539218
15.130168,2.171998,2.539218
15.941461,2.171997,2.539218
16.752754,2.171983,2.539218
17.564048,2.171949,2.539218
18.375341,2.171889,2.539218
19.186634,2.171715,2.539218
19.997927,2.171227,2.539218
20.80922,2.170059,2.539218
21.620509,2.167698,2.539218
22.431791,2.163378,2.539218
23.243043,2.15534,2.539218
24.054197,2.140533,2.539218
24.865067,2.114639,2.539218
25.675216,2.071968,2.539218
26.483735,2.005408,2.539218
27.288998,1.90722,2.539218
28.088365,1.769226,2.539218
28.877921,1.583316,2.539218
29.652236,1.341857,2.539218
30.400811,1.030169,2.539218
31.093076,0.609828,2.539218
31.617084,0,2.539218
0,0,2.60604
0.75792,0.294189,2.60604
1.521807,0.572546,2.60604
2.290105,0.838495,2.60604
3.062495,1.092306,2.60604
3.83987,1.330377,2.60604
4.624018,1.545011,2.60604
5.415673,1.73,2.60604
6.213996,1.883682,2.60604
7.017784,2.005568,2.60604
7.826005,2.093299,2.60604
8.637307,2.145352,2.60604
9.45002,2.167054,2.60604
10.263033,2.172133,2.60604
11.076066,2.172237,2.60604
11.889099,2.172062,2.60604
12.702133,2.17201,2.60604
13.515166,2.172,2.60604
14.328199,2.172,2.60604
15.141232,2.172,2.60604
15.954266,2.172,2.60604
16.767299,2.172,2.60604
17.580332,2.172,2.60604
18.393366,2.171999,2.60604
19.206399,2.171957,2.60604
20.019432,2.171732,2.60604
20.832465,2.171069,2.60604
21.645497,2.169618,2.60604
22.458525,2.16678,2.60604
23.271536,2.160886,2.60604
24.084478,2.148897,2.60604
24.897192,2.126437,2.60604
25.709277,2.087606,2.60604
26.519857,2.025003,2.60604
27.327307,1.930471,2.60604
28.128927,1.79536,2.60604
28.920648,1.611097,2.60604
29.696785,1.369679,2.60604
30.446237,1.055658,2.60604
31.135903,0.62808,2.60604
31.63824,0,2.60604
